company_name,manufacturing_cost,marketing_cost,shipping_cost,profit
Summit Enterprises,247133,299910,73431,230386
Rapid Labs,924829,78099,60745,367203
Pioneer Holdings,754513,79122,55081,290711
Summit Ventures,345286,157159,144783,75519
Royal Group,863348,58868,144271,108849
Blue Labs,638612,129119,81253,139007
Dynamic Manufacturing,226037,278787,41191,163289
Elite Corporation,438076,119079,15211,127843
Prime Manufacturing,710008,26029,116086,188082
Green Partners,740493,256353,106971,403308
Apex Industries,670347,204718,98783,359027
Global Networks,672605,78926,130681,328846
Green Logistics,775495,147069,92893,197164
Future Labs,347190,52092,82960,148201
Zenith Networks,490280,162889,89388,134766
Smart Partners,151459,178933,27601,56270
Rapid Partners,811985,23428,144227,152226
Royal Networks,250422,185006,24710,93238
Bright Logistics,882325,256627,113714,286844
Elite Systems,151520,255439,133727,188853
Royal Group,962250,151330,68227,160687
Nova Group,635560,67775,141039,270603
United Enterprises,797512,222652,89289,287832
Golden Industries,566123,277613,10722,159256
Nova Ventures,379793,147328,86050,151971
Prime Enterprises,376818,265158,88596,138795
Rapid Networks,194832,86256,71732,98374
Summit Networks,202999,142723,148369,113716
Pioneer Solutions,398619,191360,73323,99045
Golden Technologies,111367,299530,28816,59350
Dynamic Industries,803315,252634,45695,290843
Pioneer Enterprises,455804,43787,60841,207765
Prime Partners,958182,31621,133498,228240
Apex Corporation,807038,87984,112096,322177
Zenith Enterprises,285806,40447,97764,126186
United Ventures,954586,138046,90744,449051
Green Industries,757593,225002,33482,351861
Zenith Partners,94738,171326,14171,75658
Dynamic Partners,607685,126859,105755,249660
Smart Manufacturing,394333,198490,113125,260859
Golden Group,388511,13471,135722,118217
Pioneer Systems,252332,248404,111082,121163
Smart Holdings,432729,130312,8696,59028
United Systems,913051,236876,131310,445826
Silver Logistics,161453,149401,24149,113999
Rapid Holdings,69816,175937,135064,50015
Global Logistics,973780,56850,58521,297400
Summit Logistics,819299,253306,50740,268697
Global Networks,915962,103808,111611,153429
Pioneer Manufacturing,466715,147469,141028,297682
Blue Solutions,421000,238981,71641,120285
Future Manufacturing,263567,176597,68811,61163
Elite Solutions,564933,63072,68232,193870
Global Labs,645923,231178,20417,288695
Vision Ventures,944235,93820,117492,126801
Summit Ventures,266184,33284,35099,99572
Nova Networks,348090,93369,148674,153250
Summit Logistics,367348,297266,123474,103223
Pioneer Networks,232958,222978,14256,71355
Prime Technologies,327707,72812,39681,119026
Smart Group,142324,280143,96328,98004
Vision Solutions,273536,294580,48361,235182
Green Manufacturing,807232,143168,39540,342145
Elite Technologies,321991,254809,89700,263314
Elite Systems,76155,262164,83532,75047
Rapid Partners,391815,255317,132626,304820
Elite Technologies,691179,298345,138943,258836
Vision Ventures,919742,160787,51002,231121
Golden Group,510494,170381,54812,84681
Nova Ventures,199381,156150,113946,54379
Zenith Networks,181691,15105,71668,82580
Silver Solutions,526410,274983,104003,214921
Summit Technologies,493324,78920,47998,104173
Bright Holdings,84707,52821,109601,70231
Dynamic Partners,987841,135736,12812,199842
Vision Group,568477,27069,66844,181024
Summit Holdings,917969,17531,138251,223085
Rapid Labs,771864,148808,79601,347160
Dynamic Holdings,752974,148782,144347,362170
Summit Labs,796788,77155,52857,225402
Royal Corporation,403299,72424,130555,124435
Prime Ventures,836713,142503,25700,209794
Silver Partners,208492,215675,98330,178544
Apex Networks,524112,178553,149941,169202
Green Networks,220102,150629,68353,71446
Bright Partners,444274,141234,105772,86691
Blue Ventures,267285,29675,96502,94434
Summit Partners,388404,83997,118943,144666
Global Technologies,209476,158087,114850,169940
Bright Holdings,808842,241390,50095,183063
Nova Solutions,210928,150905,20523,81937
Summit Corporation,714560,280040,67433,363769
Pioneer Labs,900610,261435,24991,412004
Nova Partners,346141,51800,15775,89107
Vision Technologies,993115,106044,89995,282706
Royal Ventures,693561,277491,127808,209866
Green Manufacturing,746595,200135,142686,413723
Rapid Labs,298500,143715,12415,61644
Nova Enterprises,740417,290825,42044,407982
Future Partners,182311,27073,54976,80672
Future Ventures,809034,40682,8832,222768
Bright Networks,295546,238870,39148,62976
Summit Industries,246733,237966,117230,146075
Elite Technologies,701233,125359,90076,203797
Vision Technologies,619560,76707,43402,109741
Future Labs,925825,261351,43578,365439
Future Industries,897644,248511,95453,485897
Prime Networks,196470,245718,80715,140481
Vision Technologies,694318,75428,116435,278638
Global Solutions,368647,60601,100742,63882
Prime Systems,974142,121487,50475,258217
Green Ventures,56570,163741,65142,38509
Apex Group,380929,261924,98526,210432
Dynamic Group,583398,269153,56001,346653
Blue Manufacturing,549115,259430,62649,260080
Future Corporation,129141,132788,149228,50589
Vision Enterprises,62115,107239,30711,41293
Prime Corporation,89062,36928,35106,42722
Blue Technologies,859343,290466,70458,269633
Nova Networks,678349,72292,135429,310207
Apex Holdings,344700,39055,106754,168931
Elite Enterprises,440479,91912,143286,191587
Dynamic Solutions,576257,147660,131479,181375
Elite Solutions,880185,278448,141213,229553
Bright Group,447686,17345,33884,65738
Bright Logistics,171863,170372,7708,72252
Global Manufacturing,846657,101006,23375,217465
Summit Industries,551076,139350,20088,215105
Pioneer Technologies,697296,174437,62615,277919
Blue Networks,550726,291590,115138,115882
United Group,728556,274480,15014,222523
Zenith Solutions,680111,216487,139345,160088
Summit Networks,850101,107852,107842,156718
Smart Ventures,960830,148593,83077,415217
Smart Logistics,684965,212779,144784,117362
Bright Networks,821246,164553,57874,235614
Future Industries,98320,290618,74087,69667
Global Partners,546758,187832,17297,273535
Green Systems,196649,55232,32128,75862
Vision Labs,175354,269013,73368,87711
Nova Logistics,662297,219093,83958,242039
Elite Solutions,831725,189017,37920,338185
Smart Solutions,498625,23140,147228,259191
Bright Manufacturing,78625,93457,147180,53040
Global Manufacturing,786400,24357,138872,347426
Bright Labs,336233,121672,138682,226876
Future Manufacturing,86487,131673,82603,112763
Dynamic Corporation,509054,75633,38872,181221
Pioneer Enterprises,278071,218015,15728,147886
Elite Partners,946880,106111,100102,254791
Elite Logistics,538011,79286,127049,242447
United Partners,362282,103269,25583,127394
United Industries,223895,268635,90774,176876
Elite Holdings,480424,84071,143335,161765
Nova Enterprises,366205,231095,131374,232774
Global Enterprises,998163,40651,96118,394208
Global Partners,151376,80202,70942,43541
Smart Enterprises,475106,58777,18689,193333
Pioneer Group,915566,158066,38276,291418
Elite Technologies,883487,200706,106968,420956
Global Networks,817629,110158,18050,216966
Royal Corporation,331652,282944,71216,146566
Golden Partners,522132,249647,89040,322392
Apex Corporation,208056,290852,26644,92155
Silver Solutions,684457,153891,67021,319834
Pioneer Labs,844557,215977,47291,271645
Prime Systems,610347,73870,137610,208931
Global Networks,512785,19283,46520,111401
Rapid Technologies,677697,171645,30675,239287
Vision Networks,984591,15774,5174,198657
Smart Solutions,549653,213127,97268,96136
Dynamic Solutions,579992,152055,39998,140203
Future Technologies,778744,106468,148184,105317
Green Networks,792488,290277,110410,469522
Golden Systems,685567,10781,80225,302649
Apex Solutions,732568,124586,49814,198214
Nova Systems,692804,299768,90091,344840
Future Partners,572828,16823,55719,131488
Elite Networks,528366,28489,134887,208441
Global Enterprises,771384,181033,38919,338669
Global Solutions,469139,110417,78155,252578
United Logistics,569777,91816,76569,162442
Zenith Corporation,426188,163335,46328,213003
Elite Manufacturing,282549,285709,29618,107485
Golden Manufacturing,603453,161426,39675,319488
United Corporation,641491,184023,23919,91510
Prime Labs,534965,33648,9173,162391
Zenith Industries,840546,51971,114369,299902
Future Manufacturing,86321,28658,31400,44852
Global Logistics,385441,31253,75305,66969
Blue Corporation,933084,189635,93791,464170
Smart Group,935736,167462,75533,181943
Zenith Group,295014,192650,108591,171021
Elite Industries,206498,220097,146650,95618
Silver Networks,67772,113850,136060,61047
Summit Logistics,940186,147924,44194,298857
Dynamic Holdings,840144,236058,114903,268186
Bright Technologies,444583,143623,136461,107299
Pioneer Partners,288389,71001,104303,70147
Smart Partners,689430,190231,118903,225119
Green Solutions,666024,132775,72391,285040
Rapid Networks,101924,43243,149866,108982
Prime Industries,578014,162872,63002,100677
Royal Logistics,401296,271716,40531,155503
Future Enterprises,77723,278854,9986,47680
Zenith Corporation,963401,181918,37298,124148
Rapid Corporation,808470,229055,6481,311652
Blue Networks,936926,220129,61408,342065
Vision Technologies,714468,218139,126950,157774
Pioneer Systems,258786,90257,130355,81566
Green Networks,609931,16530,32798,70614
Vision Group,736684,283260,96649,391348
Dynamic Corporation,940328,75794,69887,426157
Silver Enterprises,264432,220545,24477,71648
Rapid Solutions,189999,142970,132815,78923
Pioneer Enterprises,930112,14135,132426,388165
Smart Holdings,408690,260870,147961,308973
United Networks,989947,99087,29335,252626
Zenith Partners,129973,206103,147326,55681
Royal Technologies,899881,289215,91610,143205
Royal Networks,684122,30074,16442,198868
Vision Ventures,810674,231796,51289,238295
Nova Networks,503449,77843,58747,69505
Global Ventures,337681,49901,42327,118214
Global Industries,544509,283349,77827,93639
Smart Logistics,914008,278050,111464,438259
Pioneer Holdings,681810,72987,136184,171005
Global Holdings,596900,64400,92051,84433
Summit Systems,275049,166222,64722,139909
Elite Networks,318615,41852,97036,100332
Smart Solutions,216703,129052,71960,163802
Vision Corporation,814357,66481,24552,238352
Golden Networks,797419,273427,146880,222322
Vision Technologies,81348,43691,5887,40957
Golden Partners,245804,208137,36802,89044
Bright Systems,837609,36170,90024,357834
Green Ventures,185832,18438,123639,69653
Smart Systems,344923,292239,123248,201478
Summit Enterprises,333780,157226,86938,66562
Global Partners,656177,281896,127746,242832
Vision Group,103551,65426,31049,69950
Zenith Corporation,454772,249968,82789,269094
Vision Enterprises,995102,298963,89526,231468
Prime Enterprises,716923,165289,143918,172208
Zenith Ventures,621107,271501,51220,325801
Royal Ventures,385914,229780,51163,252818
Global Manufacturing,470182,156108,139837,98530
Vision Holdings,262781,218347,122126,141775
Dynamic Manufacturing,503105,107756,86486,140331
Smart Group,732347,105665,80277,331691
Prime Technologies,915146,141717,109245,145830
Bright Manufacturing,763708,172002,127332,173634
Green Industries,598884,271691,27931,292679
Elite Networks,900538,91835,94116,125367
Global Technologies,109182,132232,60633,74835
Royal Labs,399307,228561,56913,159302
Vision Networks,351454,253051,99776,141081
Elite Technologies,368232,167547,30991,123766
Global Manufacturing,703091,53732,109092,224256
Zenith Labs,189978,222695,146633,83006
Green Holdings,873346,187109,100556,315329
Silver Networks,946782,19346,67875,353246
Golden Industries,619667,272731,67120,314768
Royal Industries,521828,22763,138060,99783
Elite Group,820188,200237,115041,164386
Future Ventures,308517,248553,133467,124608
Pioneer Holdings,490097,130987,123490,155111
Zenith Ventures,358557,226823,131155,159455
Prime Solutions,187084,101353,33230,97757
Nova Group,755475,231373,64778,123044
Dynamic Ventures,843583,35556,50833,102670
United Holdings,632004,28099,27625,149631
Blue Holdings,930179,186168,37088,356583
Dynamic Logistics,798013,213058,108937,176995
Dynamic Ventures,741738,154302,81361,285842
Vision Logistics,748012,212041,93229,187429
Elite Technologies,253502,43866,140189,160069
Elite Enterprises,194539,115400,95265,149401
United Technologies,474226,147488,102718,137052
Summit Manufacturing,571863,82516,65710,121693
Vision Networks,171999,196987,99876,104739
Future Group,164793,199139,35949,68843
Silver Group,507373,168588,73136,226013
Elite Logistics,420321,139295,116541,235180
Future Technologies,62289,97969,66842,68567
Bright Logistics,750336,142161,31990,321079
Silver Labs,748956,215735,35109,219053
Royal Technologies,990675,151559,135356,187671
Dynamic Networks,805801,272299,133133,389272
Nova Solutions,307368,133950,6306,93169
Green Logistics,136365,86229,8849,69752
Summit Networks,804950,114648,17360,169770
Golden Enterprises,950446,48547,116072,138679
Royal Ventures,225211,38795,99767,144699
Rapid Systems,229785,196368,59330,71298
Vision Solutions,997238,31447,56707,430386
Green Logistics,122588,177670,23689,127370
Bright Labs,113646,231823,34084,128344
Dynamic Systems,315798,266190,45387,186849
Smart Logistics,532238,216402,79816,226451
Summit Holdings,855175,262419,7642,404894
Zenith Ventures,884800,239817,47137,218920
Summit Partners,795385,65077,67260,222935
Vision Solutions,779532,122782,53442,273171
Blue Labs,973945,112932,108061,266897
United Networks,169735,196339,139066,115296
Nova Ventures,205683,108696,130844,88637
Green Technologies,956323,60939,104575,302076
Apex Group,682259,197598,6813,314920
Golden Holdings,586437,151521,98027,134140
Pioneer Ventures,412246,60290,128489,228587
Nova Industries,371333,294890,89381,231763
Prime Systems,813264,77990,60276,330163
Vision Corporation,989179,68810,46243,294672
Royal Manufacturing,907463,128362,65272,367606
Smart Holdings,616956,156295,70618,88488
Global Corporation,456889,143669,6920,209892
Bright Technologies,662492,206749,111121,109841
Summit Logistics,261830,274803,81872,226975
Silver Enterprises,246501,96516,86132,170624
Dynamic Corporation,466885,84567,7093,105129
Royal Holdings,215140,287181,17905,84846
Green Corporation,794149,136498,126759,348530
Summit Labs,190507,187810,35981,72878
Zenith Ventures,275160,22109,78903,135297
Royal Group,233321,294154,75821,78942
Elite Holdings,611672,280931,114200,138723
Silver Industries,571998,249472,87289,357819
Bright Networks,656217,149544,121506,280175
Pioneer Holdings,964391,256183,83513,461733
Nova Group,650441,164455,143746,189138
Global Solutions,809416,254325,55516,339073
Silver Networks,125388,44518,74212,67931
Future Logistics,605689,63909,138498,227030
Global Corporation,568727,290495,135970,303294
Apex Ventures,777191,210696,95009,295205
Green Holdings,693791,25282,49816,175859
Silver Holdings,282601,249017,9138,98837
Rapid Systems,177834,277219,96176,182222
Smart Corporation,84084,189526,80945,59523
Blue Networks,301459,38365,9017,107340
Vision Enterprises,684929,283146,15451,167199
Elite Solutions,155111,286091,98863,155322
Bright Logistics,499042,220294,15278,238105
United Logistics,479667,126219,48764,108419
Future Partners,712587,66307,128030,107001
Rapid Technologies,212982,145565,137206,69054
Elite Group,348185,265095,67943,191968
Blue Networks,925352,44228,100667,379759
Zenith Manufacturing,377825,220748,59318,74670
Apex Networks,284386,53472,108423,142919
Pioneer Ventures,393715,147888,108998,131678
Dynamic Ventures,246553,87175,65128,97144
Pioneer Ventures,511792,74307,26869,232105
United Networks,551174,105028,10039,132976
Vision Logistics,834625,152312,117935,264728
Dynamic Labs,701844,102493,15442,85342
Future Logistics,245246,135149,78788,57158
Global Systems,600448,239416,124729,171289
Bright Holdings,296242,212435,32586,58648
Smart Holdings,561083,173834,58053,229495
Silver Partners,67633,280403,91346,100143
Elite Holdings,853446,191211,72087,295315
Apex Industries,916964,286993,148697,206136
Royal Systems,99104,73095,39397,39945
Rapid Logistics,913663,127886,63671,330623
Prime Ventures,118388,295711,121214,208553
United Labs,590302,45292,71897,81449
Silver Systems,142578,84813,141355,135372
Global Corporation,739115,107136,143682,270315
Global Industries,614678,61631,19924,187409
Rapid Technologies,335855,19885,118143,118510
Blue Systems,141658,195378,115253,54644
Future Holdings,107993,59812,105297,34673
Global Industries,255768,191572,5869,127022
Nova Solutions,208285,54900,102088,73890
Global Systems,821148,288432,6014,418549
Smart Group,501000,82692,15103,132918
Apex Networks,843853,237208,115317,171063
Future Systems,792296,56403,87409,294327
Vision Corporation,592015,101170,28248,135633
Elite Systems,948850,281312,13024,320295
Vision Systems,578646,69871,90947,228753
Vision Ventures,377252,42174,96829,191055
Zenith Solutions,307681,240823,97708,218198
Future Systems,144018,233563,91664,142138
Golden Logistics,436601,147653,148927,222806
Golden Technologies,999621,120155,90178,464352
Royal Holdings,344054,298793,106121,141365
Silver Enterprises,701176,137795,25025,86687
Global Technologies,279104,98668,140530,94116
Pioneer Industries,892186,223397,68610,195826
Pioneer Group,243510,155639,75843,141809
Prime Corporation,159847,249141,112237,151214
Elite Labs,996875,106019,135299,344265
United Networks,494717,38803,10668,57070
Global Corporation,504162,159302,78233,236329
Green Systems,874899,158934,86982,220866
Future Group,985129,240147,111133,400276
Rapid Systems,346037,40795,15751,107479
Golden Industries,126329,280914,51218,92984
Blue Solutions,81007,21093,131649,32812
Summit Corporation,744892,289713,12352,134351
Prime Corporation,366397,283334,93835,259843
United Industries,62323,183824,102493,130921
United Partners,947767,173399,33927,340678
Rapid Labs,162356,50197,106948,41864
Royal Industries,685232,12261,34493,161482
Bright Logistics,254451,167584,36707,146192
Apex Technologies,981714,145450,143368,424289
Rapid Networks,328600,50583,40842,56898
Zenith Solutions,605655,170105,18261,79409
Future Systems,104624,121032,81709,96402
Dynamic Ventures,453322,216940,100985,159631
Future Ventures,284565,236727,111616,111609
Future Networks,118008,83869,72173,28465
Bright Manufacturing,962358,277554,36781,334608
Vision Industries,427539,197116,18652,228596
Apex Systems,166492,204387,10103,147550
Prime Holdings,122240,212416,30500,98491
Blue Labs,376459,96716,105336,147137
Smart Labs,775947,64245,118499,120331
Royal Logistics,322900,53056,54393,113896
Smart Labs,511227,260736,52406,176409
Smart Manufacturing,348522,289687,68059,199266
Dynamic Manufacturing,185327,235683,87722,110200
Dynamic Manufacturing,981988,275972,17356,219468
Elite Solutions,699991,126656,133128,123321
United Holdings,892981,27087,7187,180328
Royal Solutions,215575,146554,82243,57321
Vision Industries,910226,192024,40098,174858
Zenith Holdings,549499,146535,139678,331109
Apex Technologies,543948,253236,62620,200533
Vision Logistics,357257,80448,131270,147684
Green Ventures,648357,14648,19387,247084
Golden Industries,279189,45634,74463,159183
Future Partners,448465,32054,138663,170160
Silver Labs,301051,80028,96683,164226
Nova Ventures,986705,32207,67061,215112
Rapid Logistics,699829,240893,86257,196895
Rapid Manufacturing,763936,91554,66753,203641
Blue Holdings,561778,162458,89774,245629
Future Ventures,830641,93276,147159,326311
Dynamic Technologies,321830,193852,28408,105864
Pioneer Technologies,555629,202512,129116,124183
Elite Holdings,365507,18210,136208,150632
Bright Manufacturing,409687,54363,22413,67374
Golden Ventures,706021,252247,118650,294588
Golden Manufacturing,225915,88279,64500,116647
Prime Holdings,669961,201420,89514,298053
Golden Labs,504179,196356,61358,248408
Royal Group,92828,213196,71197,136500
Elite Group,885036,209919,81240,294034
Golden Labs,322670,267324,21322,195055
Rapid Networks,905342,205161,118053,351062
Silver Industries,75592,240363,11968,51153
Apex Solutions,341126,144393,32518,55796
Royal Logistics,836639,219754,56925,206367
Vision Networks,282041,133053,116900,123906
Zenith Group,400877,193965,98422,197671
Future Group,804296,176892,6700,350688
Green Logistics,174982,144832,98782,66503
Future Holdings,306911,163262,28199,68608
Bright Logistics,118619,77411,10520,80357
Dynamic Ventures,734688,295521,114814,151616
Elite Logistics,358623,48211,128364,130346
Silver Industries,551643,223981,19955,219316
Rapid Enterprises,201175,275888,149989,164546
Rapid Corporation,220963,266638,69925,70142
Prime Manufacturing,191826,297139,112216,70403
Pioneer Technologies,805343,158049,75269,136734
Green Solutions,917869,239010,46458,331731
Zenith Logistics,148540,44542,94037,75599
Vision Corporation,909414,20651,104977,176083
Bright Ventures,677035,109239,48939,243324
Prime Labs,236994,236416,34345,175693
Silver Corporation,360375,288859,115107,85968
Vision Logistics,79301,165378,126866,92677
Global Systems,272724,160158,74166,155558
Apex Corporation,564003,151130,102406,143636
Smart Enterprises,243783,265948,54298,108480
Blue Partners,746683,74200,49942,247393
Nova Group,68752,115848,8453,71310
Elite Solutions,787565,116022,107811,346886
Pioneer Systems,934884,187691,59935,325118
Dynamic Manufacturing,718755,266453,127439,355008
Apex Industries,267029,72068,13328,73814
Bright Networks,957669,171445,20534,336030
Blue Enterprises,106273,174226,90280,88933
Rapid Corporation,308503,147103,41320,78007
Future Partners,666166,234605,54170,296529
Apex Solutions,841327,213047,105546,309628
Prime Labs,169968,294929,85201,114192
Pioneer Ventures,427844,259768,13640,261848
Royal Holdings,650847,169741,141690,102271
Green Systems,60699,104475,137992,59036
Apex Ventures,246133,12282,48937,35979
Dynamic Solutions,584003,175696,148279,299594
Bright Technologies,69169,189510,146871,125976
Bright Technologies,568652,230972,75463,174497
Green Technologies,168413,172777,98500,133093
Golden Corporation,983667,178509,42158,263485
Vision Partners,693552,218944,89607,327563
Blue Enterprises,317926,129006,124639,135036
Silver Labs,793537,246440,76696,249781
Elite Technologies,572988,214054,66510,324707
Apex Industries,174481,17461,125076,55561
Zenith Systems,265400,110123,63692,59792
Zenith Networks,609873,282660,135841,283176
Prime Holdings,867114,158586,20810,408972
Pioneer Industries,228936,241496,141198,130492
Bright Technologies,442136,177860,116718,87382
Vision Logistics,920848,216821,95932,248930
Future Logistics,498330,202121,5192,177666
Blue Manufacturing,439954,46027,41413,78358
Apex Group,88067,183921,148888,125181
Elite Partners,748045,158930,44082,379780
Future Systems,827622,225234,70048,264468
Green Industries,68073,89003,128130,58871
Golden Systems,86035,193467,55940,73868
Blue Logistics,246049,49758,45142,45872
Prime Networks,283782,92279,41468,152390
Elite Solutions,664661,25434,146727,187822
Global Manufacturing,919794,205119,145431,274625
Pioneer Labs,664805,255754,134048,314174
Nova Systems,639738,93555,47056,181517
Golden Networks,584670,138379,56831,229651
Elite Systems,971941,226992,64191,149596
Vision Systems,776331,249511,126948,396694
Royal Labs,507828,186806,113117,308683
Golden Ventures,795715,78803,19671,263454
Dynamic Logistics,111929,293456,32048,169010
Silver Ventures,807771,234448,30963,156072
United Manufacturing,802878,185251,48954,252244
Pioneer Group,935296,212514,100430,350183
Pioneer Partners,717689,255404,5717,268703
Royal Holdings,830965,127961,16676,215060
Apex Technologies,337313,27297,140506,101743
Rapid Technologies,137468,274155,123696,73899
Future Technologies,84594,130234,135830,76276
Rapid Group,241703,54014,9994,45489
Prime Partners,95033,253166,9234,114489
Pioneer Manufacturing,637421,188570,74300,146431
Royal Group,123861,268864,48949,51927
Royal Corporation,757650,283264,42405,287848
Apex Solutions,343894,294996,39872,189081
Summit Solutions,614749,218559,47215,318374
Pioneer Ventures,517016,101575,28185,176630
Bright Holdings,128222,105040,46153,56901
Global Enterprises,686308,158510,82535,316137
Summit Labs,860658,189587,138653,311590
Dynamic Holdings,843153,15744,56717,113338
Apex Logistics,594897,224892,7763,223236
Global Holdings,704801,160871,97910,358843
Vision Labs,253981,234834,60480,120237
Global Partners,154211,130906,123094,77110
Dynamic Corporation,236321,211260,16064,66320
Prime Ventures,492111,230931,81848,117058
Vision Labs,537689,263593,42548,193938
Zenith Technologies,973160,248746,11476,343748
Apex Holdings,961297,17597,95101,133373
Rapid Enterprises,910952,213199,7382,432099
Silver Manufacturing,506956,218434,84698,264526
Bright Manufacturing,900741,167489,50095,308643
Rapid Holdings,79984,125598,134974,118694
Pioneer Systems,693235,260100,32197,122261
Rapid Enterprises,779182,268589,132619,286895
Green Holdings,55901,194233,27010,80102
Prime Labs,212624,262388,92923,197979
Royal Solutions,272317,143241,138962,185786
Dynamic Enterprises,343199,225164,135526,128896
Blue Labs,743045,163124,114162,390035
Vision Enterprises,195788,214923,125927,73682
Blue Partners,688387,18036,13026,260829
Zenith Manufacturing,585426,41778,69925,272774
Apex Corporation,740658,164245,73842,149890
Pioneer Group,73429,171475,38665,89783
Rapid Ventures,624488,212747,14277,95442
Golden Labs,252380,28800,53008,74065
Green Ventures,491460,297516,19683,206115
Silver Manufacturing,822577,292682,136742,343290
United Logistics,295127,241312,83542,236077
Global Manufacturing,937700,69500,59319,321742
Blue Networks,810801,177647,97067,265281
Green Enterprises,67347,246527,73975,132994
Smart Enterprises,722280,120659,106158,365554
Vision Manufacturing,606110,37716,16577,70412
Vision Manufacturing,614396,12352,82299,279900
Zenith Technologies,965387,143004,25176,142647
Nova Corporation,532315,18556,68972,213421
Royal Holdings,57967,271973,125018,83757
Golden Manufacturing,947151,146570,24996,156233
Nova Corporation,586159,217190,105922,210911
Blue Group,275371,60098,91598,125210
Global Partners,258524,150641,40931,96449
Vision Systems,779630,257199,129168,135686
Golden Enterprises,214685,136060,128099,133998
Global Corporation,602467,197954,39693,311447
Royal Manufacturing,301537,211465,113944,134771
Rapid Systems,757548,140544,22374,151784
Rapid Logistics,891531,10340,86471,230059
Nova Ventures,609550,185021,50913,96815
Bright Logistics,914645,92302,128683,393094
Nova Solutions,429551,232740,49516,247639
Bright Logistics,985772,10138,92796,300918
Blue Corporation,521082,129619,31069,140397
Prime Group,922701,109931,123333,392952
United Labs,110545,166951,89811,97852
Prime Labs,284555,47772,123028,158363
Future Labs,273894,68478,44178,111882
Green Labs,777506,36762,37821,285723
Royal Corporation,352066,154355,21999,147729
Summit Enterprises,617201,204994,43712,194172
Apex Systems,409177,180492,38722,243428
Global Technologies,416936,292363,15625,190172
Blue Corporation,300497,84965,11859,111856
United Systems,493057,187912,115986,132411
Future Group,751692,185767,26839,277423
Future Enterprises,535278,246281,32216,220925
Nova Technologies,956295,94754,57953,172396
Bright Corporation,206104,87988,54522,41093
Pioneer Technologies,743206,160023,140958,293737
Summit Technologies,764834,142379,116249,336829
Silver Partners,94936,90388,12485,50840
Royal Labs,735154,249779,117701,185277
Royal Partners,766948,216846,107638,327382
Future Holdings,252056,180047,17226,55731
Smart Manufacturing,275469,142212,98405,120015
Royal Industries,78141,298565,27588,60243
Global Partners,976578,273852,42019,200766
Royal Industries,187478,86021,70133,55217
Prime Corporation,147359,169380,119444,94220
Future Industries,959711,54789,122603,131159
Apex Solutions,204363,36086,133585,82039
Dynamic Technologies,615856,289003,48395,241661
Pioneer Holdings,671827,17684,130814,200970
Summit Solutions,621139,101088,117599,180424
Zenith Ventures,543158,56099,30939,221667
Royal Partners,629111,76093,5203,102013
Prime Networks,73312,170761,34063,70009
Global Group,477387,23893,95880,70830
United Group,484995,76418,8748,69187
Pioneer Technologies,774188,135074,122269,280741
Elite Manufacturing,550531,140351,85764,209543
Pioneer Corporation,935155,201083,113036,453998
Rapid Systems,848843,48635,121525,272442
Elite Solutions,546037,105071,90679,287766
Global Networks,299062,82805,130829,58759
Rapid Manufacturing,893441,274598,133216,168385
Prime Solutions,458638,293022,138175,100746
Golden Manufacturing,485684,192170,70901,116493
Golden Labs,606659,203226,103046,239535
Smart Enterprises,107022,154063,95012,104575
Bright Systems,383373,78344,83278,61952
Golden Group,149071,46593,17391,81768
Smart Industries,232268,46304,107476,136139
Summit Ventures,408918,196292,125721,138134
Summit Technologies,539626,123613,102537,94310
Royal Holdings,338859,210410,86159,95928
Royal Enterprises,864037,28354,136040,142009
United Industries,674141,294334,40503,138214
Global Systems,605462,16142,80403,179410
Bright Labs,977460,193043,69286,215418
Zenith Industries,547660,194482,79842,170513
Elite Group,126373,160575,109927,157500
Green Enterprises,905684,135438,19908,323926
Vision Systems,243021,58456,42228,132221
Apex Partners,243718,110167,28386,54575
Nova Industries,644305,280160,33302,205576
Green Solutions,113037,274528,65815,120789
Bright Ventures,664106,203392,68344,115134
Green Manufacturing,580836,112239,116603,81984
Future Ventures,691269,121431,66114,264637
Golden Group,284213,50510,30525,106851
Future Industries,254366,190005,84818,118134
Royal Technologies,552420,293970,119589,238493
Golden Logistics,204249,131668,99715,97857
Pioneer Industries,336166,252700,11644,64375
Silver Logistics,680585,34045,106154,164658
Summit Logistics,710902,191948,48469,145670
Blue Partners,272084,100102,111609,62664
Dynamic Ventures,539536,109441,70206,278335
Silver Industries,110428,168175,101462,106345
Vision Labs,728100,259877,88178,342859
Apex Industries,371497,146917,91724,118738
Zenith Enterprises,687420,227770,101393,221558
Nova Corporation,237604,128325,132314,85238
Prime Technologies,590340,29337,81312,90490
Vision Logistics,150689,163385,80324,60622
Apex Ventures,752436,272420,76196,373536
Green Group,496636,153016,75014,219764
Zenith Corporation,706031,91442,144282,248697
Apex Labs,312307,59847,146994,125907
Pioneer Industries,353568,68653,38340,173507
Green Holdings,552754,227144,44850,100471
Summit Ventures,513547,263661,118711,165010
Silver Technologies,453850,299954,16094,157814
Golden Industries,185870,87842,92959,122734
Blue Technologies,334564,282647,10741,249770
Royal Systems,560259,94761,116585,132871
Dynamic Solutions,694863,283734,127564,400753
Blue Manufacturing,832518,151958,73798,369535
Blue Enterprises,341444,173864,121026,106520
Future Labs,926313,266910,115130,287575
Summit Manufacturing,60749,130356,27164,48652
Elite Corporation,678419,227228,35257,370213
Prime Group,730481,52727,100989,136402
Rapid Manufacturing,964995,18068,141304,382000
Vision Manufacturing,349631,126923,57691,106986
Global Ventures,275019,21390,84768,121694
Dynamic Enterprises,476577,116752,19026,138394
Royal Solutions,857655,156110,35908,287093
Bright Labs,647218,234790,24610,317120
Future Partners,719416,31281,68185,279443
Silver Labs,340524,64189,77567,173585
Prime Logistics,862467,272093,41182,138602
Prime Systems,867052,132115,121136,344622
Nova Logistics,987381,18605,136642,162248
Pioneer Technologies,306553,291954,24288,139970
Global Logistics,498532,259415,83824,222712
Blue Manufacturing,769401,165394,89425,226170
Zenith Logistics,429504,51869,5917,124689
Summit Solutions,103352,42955,80602,90527
Elite Industries,474127,71388,69575,86460
Vision Networks,213856,251324,77518,164240
Green Solutions,53191,20207,44104,25709
Apex Industries,926968,228401,21999,164717
Green Solutions,678864,169292,146013,146760
Vision Networks,245713,215157,66169,202795
Future Holdings,492939,32031,134744,240057
Future Ventures,53631,81312,115684,93261
Future Networks,187244,69766,64821,127914
Smart Manufacturing,354224,153521,140601,105352
Royal Manufacturing,270169,197771,17192,100243
Future Group,664641,247199,79102,298041
Vision Corporation,463497,246731,119894,203496
Smart Corporation,602959,245841,91795,212120
Pioneer Logistics,697099,121041,71677,184497
United Logistics,756791,126185,140699,284719
Green Labs,271972,187164,139327,163187
Nova Holdings,827499,20350,141285,146824
Rapid Ventures,439878,237230,107412,189478
Smart Group,798321,271570,24404,291127
Future Group,558679,78487,121545,205675
Summit Partners,471818,158694,28989,107519
Rapid Systems,794149,133853,113106,335946
Summit Logistics,887831,245062,29519,125028
Royal Manufacturing,728832,243077,27439,206314
United Labs,754590,33782,123570,304646
United Partners,57099,139936,19995,58417
Bright Group,823974,163245,28559,181162
Elite Industries,468647,132258,94049,214383
Zenith Group,630780,121668,141093,241450
Future Partners,146722,288710,103000,182460
Elite Networks,604399,148262,44350,255448
Silver Industries,113936,48333,30517,54564
Elite Systems,727974,221977,94132,257317
Blue Manufacturing,273332,99571,64546,61223
Green Group,775836,130263,110686,181394
Rapid Manufacturing,823319,35235,93151,214828
Future Enterprises,373064,10159,8327,109551
Silver Industries,537510,153217,125318,207367
Global Holdings,113530,172993,120945,75974
Zenith Networks,479440,157309,51830,70193
Prime Group,319932,117507,57446,123162
Elite Ventures,602370,24743,145148,143399
Prime Partners,959719,238174,74341,407601
Silver Holdings,663858,56101,36085,81035
United Solutions,675303,252717,60571,272305
Summit Partners,782176,131534,133308,400423
Bright Holdings,920020,240604,10750,178426
Future Holdings,197603,197450,118931,124124
Green Logistics,924772,212193,83768,155553
Smart Manufacturing,668727,245422,40903,274772
Green Logistics,191214,156721,96036,117723
Zenith Partners,689341,178785,92954,213561
Summit Enterprises,622643,214535,88014,237231
Vision Technologies,453082,186481,122305,281108
Future Solutions,251139,189838,37101,75960
Silver Partners,808994,56154,7775,93201
United Enterprises,699714,279160,116497,392689
United Partners,638315,64238,50619,205717
Vision Logistics,501122,99081,62124,243204
Smart Technologies,209210,257644,70149,149868
Golden Logistics,142601,209775,31616,131727
Rapid Technologies,79956,299061,66799,102048
Dynamic Networks,288340,72551,95221,148217
Vision Holdings,679085,220695,119879,381263
Vision Labs,961349,163512,30479,313832
Apex Group,962735,176277,104165,191742
Golden Manufacturing,519511,90811,60863,121242
Blue Partners,710799,264840,87569,169680
Silver Industries,878965,244104,21351,199194
Summit Enterprises,471486,29008,140203,122965
Dynamic Labs,653103,212346,49825,243957
Pioneer Enterprises,89279,42402,16349,40915
Royal Holdings,421931,194456,49254,151732
Golden Ventures,991392,269994,43225,371326
Blue Industries,198702,146643,17453,45158
Nova Technologies,111063,123550,82694,40087
Elite Manufacturing,823887,101218,20735,143340
Apex Systems,304311,143296,52893,127839
Vision Corporation,702184,189767,132006,168132
Rapid Group,740504,251060,50066,192686
Future Logistics,495377,250016,139445,194747
Elite Enterprises,539934,42441,146407,250380
Future Holdings,569089,248038,15692,86745
Zenith Solutions,796434,180201,50541,302825
United Industries,258432,241324,71983,171900
Future Manufacturing,232051,102122,125747,156187
Elite Solutions,147661,54760,90103,111108
Apex Holdings,974483,295622,30566,137924
Rapid Logistics,993693,153252,78193,179035
Nova Enterprises,747960,108538,146417,366917
Golden Systems,502776,25372,126015,155400
Prime Labs,521256,231035,135956,239273
Nova Manufacturing,173257,121022,75744,110602
Elite Labs,922637,64040,38455,311353
Nova Solutions,319054,212440,59219,224188
Prime Networks,883289,88356,50991,408118
Zenith Logistics,609252,288355,78616,308532
Rapid Manufacturing,468443,277986,92438,156168
Vision Labs,973482,289652,121841,504028
Prime Manufacturing,853585,163077,145558,133383
Rapid Corporation,371909,64575,63870,84722
Pioneer Labs,804444,160043,91694,389958
Vision Ventures,682500,76914,48856,142948
United Corporation,613359,259134,106407,162688
Vision Networks,162990,77055,36379,39096
Smart Holdings,119519,97697,69729,102649
Vision Holdings,59503,116239,59353,58777
Future Industries,241775,245469,19031,153131
Pioneer Holdings,669745,133106,70982,150054
Royal Ventures,763226,277499,41683,354393
Elite Manufacturing,197977,12257,119091,108019
Pioneer Industries,620126,299508,122797,202001
Pioneer Labs,961632,166044,11587,254288
Silver Holdings,501495,121715,67790,112568
Global Corporation,663777,36654,36480,289582
Royal Manufacturing,76806,221841,28569,96097
Global Labs,226072,30808,16151,103850
Smart Logistics,465384,62389,49739,110313
Silver Labs,120119,128581,37954,95905
Silver Logistics,875146,137927,114373,371783
Zenith Enterprises,235165,44773,39700,98287
Apex Networks,891851,192240,128728,472625
Summit Systems,679720,224764,71788,212892
Blue Holdings,520641,67505,76045,92465
Royal Group,929381,28135,149972,333921
Zenith Ventures,521027,100887,132992,240658
Blue Systems,969965,132118,85059,323517
Summit Industries,457507,164626,6881,101928
Dynamic Industries,752164,255739,137702,287932
Golden Holdings,913403,289067,25789,237860
Green Group,929903,72261,131083,258652
Prime Holdings,901378,70948,93059,312760
Golden Labs,935421,250891,51151,400399
Future Logistics,134080,174074,114388,71691
Future Manufacturing,302791,298816,8262,135145
Prime Networks,127794,276357,71981,86060
Silver Solutions,342985,151365,125951,98993
Smart Corporation,174447,72507,128099,125648
Royal Partners,170029,67134,86972,120829
Summit Ventures,229830,143172,80485,95717
Nova Industries,557942,251225,59722,282722
Rapid Partners,388416,203069,94499,253195
Vision Holdings,611931,292276,11901,324153
Dynamic Enterprises,356094,258933,122473,114197
Dynamic Industries,237921,290343,13597,209639
Dynamic Labs,412644,46609,134631,126499
Future Networks,733404,184037,68909,199018
Future Ventures,548685,149088,77391,92034
Global Corporation,437732,223666,144335,198091
United Industries,590285,296616,68293,126758
Golden Holdings,916183,192885,16874,196546
Green Enterprises,672893,241440,91402,196201
Elite Enterprises,991415,267803,19079,438005
Green Group,891965,177093,77779,415896
Blue Technologies,394710,165159,100408,125941
Apex Solutions,800230,22828,145090,346218
Blue Ventures,719931,142473,125606,352886
Prime Partners,682543,287337,125062,360668
Prime Holdings,834586,233461,17100,156270
Dynamic Technologies,501157,291755,62021,262547
Elite Holdings,108005,184863,133126,163371
Nova Group,267322,249719,97446,187272
Rapid Group,239784,218475,34437,98285
Blue Enterprises,617829,274889,25862,229804
Prime Partners,73387,276010,16669,107519
Bright Corporation,930412,173317,126219,311387
Blue Labs,754268,81354,20916,116477
Elite Technologies,135457,61374,15878,41184
Green Manufacturing,194129,124397,7985,111248
Rapid Systems,638316,258552,46235,338032
Bright Corporation,693534,39336,23931,106852
Royal Logistics,367875,65350,97876,204854
Vision Solutions,730218,79561,5336,161919
Global Ventures,229761,71240,47933,104224
Apex Industries,618926,161165,50536,270408
Elite Technologies,534814,56607,74504,228801
Green Industries,227558,196740,104214,202803
Rapid Networks,594855,191196,118936,175455
Smart Labs,472955,74110,21279,203212
Pioneer Networks,632092,194626,108751,130503
Golden Logistics,420965,162008,109433,215692
Future Holdings,53754,14426,76386,46636
Pioneer Labs,601332,229911,91124,279769
Golden Industries,117260,299750,110750,92724
Bright Group,116912,38151,82485,85971
Elite Holdings,306695,283452,79055,100820
Green Systems,582994,250853,96911,108052
Elite Enterprises,845326,264595,103618,382555
Golden Logistics,985541,186743,118892,313294
Golden Group,396130,100306,76128,203105
Future Partners,918374,235180,57495,260398
Green Enterprises,756972,12204,87806,128961
Dynamic Logistics,79725,102769,98185,98499
Apex Logistics,186998,97265,54649,89700
Prime Manufacturing,154555,62428,100402,49752
Pioneer Labs,311486,43870,35676,123611
Silver Technologies,845928,113547,69093,260571
Pioneer Systems,630735,245990,84414,270362
United Partners,938036,59067,98095,260952
United Partners,735166,248083,77307,369723
Rapid Corporation,924631,122217,100432,400250
Blue Holdings,615609,108934,36923,238199
Global Networks,827401,152980,122449,145154
Apex Logistics,283103,219329,52574,195171
Pioneer Labs,465872,267354,126757,259116
Royal Manufacturing,105147,71215,58664,72648
Nova Technologies,665684,196907,72384,195311
Green Logistics,492882,118048,36027,235352
Golden Corporation,525584,179530,39485,236493
Bright Technologies,350931,187241,40554,77420
Zenith Manufacturing,294839,148731,51922,110164
United Networks,506162,249977,18409,283418
Global Industries,596015,123688,41639,86914
Global Technologies,813711,230460,24692,415173
Nova Holdings,145081,196823,94037,132416
Global Holdings,434865,219987,23074,196200
Bright Ventures,815418,279150,34963,204634
Summit Industries,642344,259243,57265,167451
Apex Group,708441,84218,21061,311343
Golden Ventures,739556,206416,118502,201698
United Industries,742095,42430,27800,270221
Zenith Group,810109,33091,121192,210176
Green Technologies,130102,267125,112228,72228
Pioneer Labs,206570,33989,33054,28240
Elite Labs,651153,85451,18233,198731
Apex Logistics,737016,28990,70727,328613
Apex Logistics,117695,260541,95610,99858
Summit Logistics,481116,152105,75453,146807
United Networks,571608,288385,109135,196953
Pioneer Manufacturing,167235,134932,113464,106469
United Networks,490917,278083,18682,182899
Bright Partners,683065,123000,63160,316375
Rapid Labs,69033,188634,28666,72057
Summit Labs,566409,45063,63817,170393
Bright Enterprises,716165,217793,96198,145778
Apex Ventures,741211,168117,46830,377512
Elite Logistics,601120,94703,15234,124429
Zenith Partners,244509,245796,62616,67461
Blue Industries,427869,138557,14221,173580
Green Group,195016,299220,147482,178788
Green Holdings,332017,263317,6051,135037
Silver Solutions,614660,205877,115529,212166
Royal Group,139464,53309,81918,92164
Golden Enterprises,720739,53527,83116,136078
Silver Manufacturing,167322,234490,127226,183087
Royal Networks,742111,149883,49757,277462
United Corporation,936514,103344,126008,263125
United Solutions,795182,165344,136379,260414
Vision Manufacturing,841542,233564,61889,201241
Nova Labs,497557,57153,40944,193965
Elite Networks,848519,118042,104555,271916
Zenith Solutions,466978,64110,43134,112694
Elite Holdings,919049,155051,30954,308105
Rapid Technologies,674771,251131,94959,407038
Summit Networks,573886,249173,9992,192083
Future Partners,583884,38328,6961,236699
Bright Systems,284627,122911,17497,86496
Dynamic Networks,681827,285011,18255,114684
Green Partners,592601,69234,140639,129417
Bright Networks,949607,297995,53847,293618
United Technologies,771909,258503,25389,175147
Royal Logistics,164914,237135,128802,53121
Dynamic Ventures,597993,83402,66576,280115
Prime Enterprises,772724,287593,48919,391742
Prime Industries,909877,15451,8358,301288
Dynamic Corporation,153892,97178,93535,51809
Summit Ventures,784005,246562,110982,155375
Royal Solutions,314167,133765,10698,55164
Green Solutions,693942,138389,71809,286801
Silver Industries,240868,199699,98079,203954
Pioneer Systems,130073,207227,60805,91230
Rapid Technologies,928629,297516,80033,177303
Elite Ventures,638717,275786,103239,258219
Pioneer Enterprises,154195,270220,135407,114567
Smart Partners,766987,235898,49041,223479
Zenith Networks,83848,286266,36954,116583
